,,
,,
,,
,MEMBERSHIP NUMBER,
,PANGALAN,
,IKAW BA AY PWD?,
,MAY ID O WALA,
,PWD ID NO,
,URI NG KAPANSANAN,APPARENT/ NON APPARENT
,KATEGORYA NG KAPANSANAN,PHYSICAL
,,INTELECTUAL
,,LEARNING DISABILITY
,,PSYCOSOCIAL
,,MENTAL
,,HARD OF HEARING
,,DEAF
,,VISUAL DISABILITY
,,SPEECH AND LANGUAGE
,,CANCER
,,CHRONIC KIDNEY DESEASE
,,MULTIPLE DISABILITY
,,OTHERS: SPECIFY
,KASARIAN,
,BIRTHDATE,
,TIRAHAN,
,CONTACT NO,
,MAY IBA KA PA BANG SEKTOR NA KINABIBILANGAN?,ANU?
,,SOLO PARENT
,,WOMEN SECTOR
,,YOUTH SECTOR
,,SENIOR
,,LGBTQ
,,
,ECONOMIC STATUS,NAGTATRABAHO
,,NAGNENEGOSYO
,,NAG-AARAL
,,IBA PA:
,,
,ANU ANG IYONG SKILLS?,
,,
,,
,,
,,
,PANGALAN NG GUARDIAN/MAGULANG,
,ANU ANG SKILLS NG MAGULANG O GUARDIAN,
,,
,,
,ANU ANG MGA KASANAYAN NA GUSTONG MATUTUNAN,
,,
,MIYEMBRO BA KAYO NG LIVELIHOOD PROGRAM NG PWD BUPCA?,